No,name,address,rt,rw,village,district,city,postal_code,created_at,NO. NOTA,JELANTAH,debit,credit,balance
1,Taylor Schaefer,"070 Mcgrath Via Suite 693, Grayland, OR 71514",4,20,North Roger,Williamsland,New Amyfurt,82777,2021-10-23,174507,2.62,9044,16033,6989
2,Tommy Bass,"058 Gaines Gardens, Tracyberg, ME 58833",10,6,Williamsside,Lake Daniel,Robinsonview,98653,2023-06-21,684836,5.77,37020,11366,25654
3,Stephanie Henderson,"0887 Brianna Ranch Suite 080, East Dennis, IN 37071",8,16,Mitchellville,Cooperport,South Stacey,27573,2024-08-23,310176,1.66,7071,17611,10540
4,Susan Rogers,"95252 Kent Road, South Melanie, SC 32523",19,11,New Sandraport,Romantown,Port Taylor,77293,2024-08-01,619071,2.88,14590,14710,120
5,Belinda Moore,"18801 Hunt Island, Andersonton, CT 78307",9,11,Weavershire,Heatherton,Port Vanessa,97079,2022-05-19,877127,7.03,15814,6518,9296
6,Cynthia Rogers,"7342 Nicholas Flats Suite 011, West Kevin, HI 61107",12,17,New Sherri,East Kimberlymouth,Greenhaven,62542,2020-09-09,145479,1.88,17261,5875,11386
7,Scott Smith,"PSC 8873, Box 1596, APO AA 40250",18,19,Barrerachester,Bradleymouth,East Carlos,57215,2022-06-11,461670,1.35,10253,751,9502
8,Tim Taylor,"864 Franco Centers Apt. 190, Silvatown, ME 16747",16,13,Matthewmouth,Port Dianabury,South Jeffrey,68077,2023-07-09,126576,2.6,42807,9429,33378
9,Adam Jones,"13660 Dawn Manors, East Rickyfort, RI 86053",9,10,Knappmouth,East Jasonhaven,Hansonberg,72599,2021-05-24,848297,1.27,47138,17716,29422
10,Roy Coleman,"445 Laurie Island Suite 096, Kimberlyhaven, OH 01515",17,1,Lake Courtney,West Alexport,Davisfurt,25219,2021-02-03,687859,9.73,35166,5875,29291
11,Crystal Spencer,"68667 Antonio Union, Lake Heidifort, NH 58420",17,16,Kevinview,Hansenberg,Michaelfort,87453,2022-01-14,208070,5.9,49012,12762,36250
12,Monique Gonzales,"592 Thompson Gardens Apt. 399, Rachelburgh, IL 19249",6,7,Lucasport,Lake Katie,Lake Tylerville,96892,2021-07-24,336671,4.9,13445,13408,37
13,Stephanie Lawson,"1275 Mitchell Via Suite 970, Wardville, FL 19578",2,17,South Margaretville,Perezside,South Michael,34054,2023-11-03,835317,6.34,46839,18072,28767
14,Jack Carroll,"49115 Emily Motorway, Johnbury, KS 77421",19,13,North Melissa,Micheletown,Jonesview,61195,2022-06-25,875236,8.32,6414,14801,8387
15,Joshua Bauer,"65686 Garcia Flat Suite 167, New Ryan, VA 79070",20,19,New Steven,New Jennifer,East Christina,21737,2022-07-10,875752,2.26,20745,3845,16900
16,Katherine Rhodes,"75582 Richard Rue, North Susan, ME 29357",9,17,West Donnaport,Durhamberg,New Katherine,53744,2025-01-14,540718,5.66,9277,19986,10709
17,Mary Chavez,"9670 Johnson Trafficway, Port Tiffanyshire, MA 63020",16,18,Lake Ashleyville,Lake Holly,Lake Todd,04284,2024-06-17,736123,2.82,16377,5004,11373
18,Jessica Miranda,"032 Jason Overpass, Jessechester, WY 22631",4,11,Keithhaven,Burkemouth,Larrytown,88161,2024-10-24,288293,9.53,3325,11895,8570
19,Mary Haynes,"4054 Judith Creek Suite 874, Mcdonaldburgh, ID 23443",7,17,West Ethan,Port Karen,Cristianside,12498,2023-06-07,870849,6.9,34028,11845,22183
20,Zachary Kirby,"16548 Jimenez Skyway Apt. 403, Andersonville, OR 68752",19,2,Payneland,North Jessica,New Wendy,16342,2022-03-25,897465,3.0,10083,2533,7550
21,Dorothy Reynolds,"6113 Williams Estates, New Gregory, MD 40112",19,4,Raymondport,Shawfort,East Alexischester,20009,2021-06-12,463582,7.94,12736,10143,2593
22,Beth Martinez,"Unit 6129 Box 7112, DPO AP 64025",2,13,North Sydneyside,Paulview,South Katherine,38993,2020-10-23,673951,2.29,23442,461,22981
23,Sheena Richards,"597 Jason Parkways Apt. 303, Johnchester, OR 76736",4,9,Lake John,Bryanfurt,Fraziertown,26085,2024-05-09,794114,3.54,11307,8693,2614
24,Thomas Johnson,"Unit 1303 Box 7075, DPO AA 60595",15,13,Jenniferside,Alexanderview,Lake Alecshire,66353,2024-10-21,987969,3.16,20606,19890,716
25,Brandon Lyons,"064 Brown Springs Apt. 837, Robertchester, MS 40115",3,7,Ronaldfort,West Amandashire,Danielville,05231,2023-03-29,406799,9.42,37354,18658,18696
26,Joshua Gonzales,"USS Alexander, FPO AP 30365",18,3,Shepherdville,Amandaville,Dudleymouth,77880,2021-08-01,688899,4.62,49951,4853,45098
27,Amanda Curtis,"USCGC Smith, FPO AA 87751",20,19,New Julietown,Hernandezfort,Mauriceborough,98527,2022-10-12,199740,9.85,29990,1455,28535
28,Tanya Gallagher,"13096 Nichole Avenue, Lake Melissaview, PA 61098",5,1,Lake Katrina,East Lisaville,North Brenda,02064,2022-03-31,370420,7.59,38070,19236,18834
29,Laura Skinner,"149 Sabrina Divide Suite 290, West Lindsaystad, CT 54463",17,19,North Ernestfurt,New Karinafurt,North Benjamin,04087,2025-02-26,127228,9.66,41442,17463,23979
30,Abigail Cohen,"280 Danielle Station, Port Patriciaville, OK 72585",17,9,Parkerport,Reyesview,Toddchester,95654,2024-12-10,440465,5.21,46236,18562,27674
31,Jack Williams,"233 Walker Union Apt. 314, Johnstonside, ID 07520",9,3,Lake Breanna,North Rachelbury,East Ashleyshire,77849,2021-05-08,354910,4.55,20341,6906,13435
32,Kenneth Holloway,"20776 Justin Forks, Robertmouth, MO 59323",16,10,Port Laura,West Jamie,East Josephberg,06201,2022-06-18,248188,9.04,11871,5628,6243
33,Kevin Gregory,"524 John Curve, Shermanshire, NH 14631",13,1,Carpenterborough,Lake Rebecca,West Heather,02657,2021-02-25,360292,8.7,35450,18166,17284
34,Adrienne Hernandez,"6328 Gary Lodge, Pamelachester, MO 55942",19,10,New Robert,New Sherry,East Michelechester,01565,2022-11-08,147986,2.02,34564,7599,26965
35,Carrie Hughes,"1593 Connie Dam Suite 055, West Eric, WI 63244",6,1,Jenniferborough,Bobshire,Georgeville,72015,2021-05-23,768656,5.0,43090,11247,31843
36,Steven Arnold,"92127 Cassandra Glens Apt. 548, Lake Veronicachester, KY 96124",9,11,Thomastown,Port Kellyfurt,Evanside,70093,2020-04-29,363333,5.67,20452,149,20303
37,Lisa Turner,"795 Carrie River, Gonzalezfort, MA 23775",8,17,West Ryanhaven,Newmanhaven,West Sharon,03398,2024-06-14,439751,7.26,18617,19068,451
38,Julie Wise,"169 Elijah Alley Suite 888, Tateview, VA 22559",2,15,Brianfort,Daviston,North Henryshire,02872,2023-06-14,431265,2.71,46733,4172,42561
39,Crystal Peterson,"3328 Peter Plaza Suite 707, Donaldhaven, IN 64406",20,13,East Nicole,South Steven,North Steven,05476,2021-06-02,497122,9.87,10321,7033,3288
40,Kristina Crawford,"0520 William Valley Apt. 279, West Elizabeth, NH 19760",12,7,Foxbury,New Kenneth,West Kimborough,99788,2021-10-04,690809,2.91,3282,5457,2175
41,Lisa Williams,"7383 Davis Hollow, Port Joannchester, WV 84584",16,11,West Loriborough,Edwinton,Rodneyfort,58437,2023-06-24,403221,3.46,19373,8771,10602
42,Diane Lang,"49960 Smith Rest, Ericburgh, ME 64512",4,5,West Alexandraton,Lake Robertfort,Petersonborough,19950,2021-11-06,222311,1.55,34944,18567,16377
43,Kelly Rhodes,"Unit 2268 Box 6885, DPO AA 41801",1,10,West Alyssaton,Olsonton,Lake Kevin,28216,2022-07-26,354766,6.71,44065,2918,41147
44,Susan Mitchell,"USNS Ayers, FPO AP 02672",19,10,Cannonport,New Johnton,Kiddtown,16389,2023-09-08,213431,1.17,21818,8730,13088
45,Carolyn Roth,"88714 Andrea Gateway, South Debbie, WY 62238",13,8,Popefort,Port Deborah,East Alexa,54906,2023-09-02,570623,2.23,10590,17331,6741
46,Lori Evans,"59848 Thornton Course Suite 441, Smithland, NH 41751",2,8,Rubenview,East Michael,East Edwardview,96859,2021-11-19,484404,4.07,10360,17087,6727
47,Joshua Mata,"03367 Brown Forges, Lake Aaronburgh, MT 01156",6,4,Jessicaburgh,Tinaberg,Frederickfort,44033,2021-02-01,926962,6.82,1532,6092,4560
48,Corey James,"7761 Robertson Field, Lake Juliefurt, RI 68768",2,18,Jonathanport,Port Ashley,North Kevinville,41333,2022-08-15,943908,6.23,41981,5939,36042
49,Mark Garrison,"520 Ibarra Tunnel, South Kellybury, HI 42647",3,10,Dustinbury,Lake Donnaberg,Darleneshire,26537,2020-05-18,288171,3.39,47266,5779,41487
50,Stephanie Perez,"860 Ross Drive, Jessicastad, NJ 11266",12,20,Johnsonton,West Scottbury,Laurenshire,56379,2024-11-15,334294,5.51,5111,10076,4965
51,Michael Howard,"177 Ronald Manors Suite 682, South Brenda, NV 73703",10,17,South Jenniferstad,South Susanville,Dawnview,16894,2020-09-14,859918,2.47,7441,12130,4689
52,Joshua Ross,"75668 Smith Isle, Port Jennifer, NE 13147",1,11,West Susan,East Charles,South Luke,20034,2023-05-16,922885,9.65,36023,17202,18821
53,Anthony Dickson,"597 Waters Light, South Charles, NE 61127",6,3,North Dana,West Lauren,New Anthonyfurt,99509,2023-03-21,443050,4.2,28933,15086,13847
54,Marisa Kennedy,"19042 Richardson Row, Mitchellshire, KY 25824",11,17,New Gordon,Orrbury,North Ronaldshire,61650,2022-01-03,783420,7.54,30070,7855,22215
55,Shawn Cook,"2648 Tran Extension Apt. 056, Turnershire, WA 07899",19,18,Ellistown,Lake David,Victoriaside,84163,2022-03-07,223403,6.91,6445,3398,3047
56,Stacy Walker,"47314 Sarah Coves Suite 923, Lake Scottstad, DC 72203",19,9,Steventown,Lake Christophermouth,Tammystad,02703,2021-04-27,486138,7.36,22929,17693,5236
57,Katie Walker,"6129 Hopkins Village, North Jacob, IL 27009",13,5,Baileyfort,Port Tylerborough,South Brendan,98666,2024-05-04,271621,6.76,40399,1645,38754
58,Sharon Bowers,"20318 Miranda Stream Suite 667, Lake Vanessaside, WA 51830",13,5,Port Thomas,Andrewville,Lake Mary,85281,2024-09-05,192518,1.83,11968,9760,2208
59,Jeffrey Smith,"6517 Alexander Well, South Sarahton, WI 71670",6,14,East Yolanda,Osborneville,East Nicole,87475,2021-12-12,624787,8.66,33661,14555,19106
60,Nicholas Montoya,"504 Santana Meadows, Adammouth, WA 44948",2,7,Murphyton,West Susan,East Jamesland,57628,2021-05-25,228271,3.74,29436,10525,18911
61,Kaitlyn Brooks DDS,"1159 Mary Gateway, South Michaelton, AL 07044",9,19,Palmermouth,Josefurt,Maryville,92694,2022-04-01,454222,4.79,42406,12689,29717
62,William Stephens,"226 Jones Corner Apt. 711, Jacobton, MI 20932",12,16,Harveychester,Ericastad,Stoneside,46106,2024-01-11,933549,1.5,47913,759,47154
63,Patricia Bowen,"95936 Benjamin Well Apt. 843, North Loriview, UT 67380",18,19,Padillashire,Sheltonland,Howardborough,36069,2022-04-22,216870,4.72,30833,18805,12028
64,Tyler Becker,"1021 Tracey Land, Nancyland, GA 82235",7,1,Bowmanburgh,East Deborah,Krystalborough,83567,2022-03-20,286986,4.26,1510,13779,12269
65,Tiffany Bentley,"9883 Zachary Field, Woodfort, WV 85781",4,8,Maryfurt,East Colton,Masonview,85946,2024-02-26,963642,2.39,21072,13247,7825
66,Vanessa Diaz,"071 Sandra Station, Lake John, SC 70874",11,15,Davidfurt,South Drew,Port Michaelview,59661,2024-11-12,478581,1.52,23735,5331,18404
67,Stacy Ware MD,"9138 Meyer Key Apt. 040, Bowersberg, TX 18275",10,9,Alexandraside,Toddbury,Lake Joelville,20826,2020-12-30,600079,4.18,10984,11717,733
68,Kathy Taylor,"643 Hines Tunnel Apt. 631, Heatherview, HI 33653",2,16,Nicholemouth,Jamesshire,Michaelport,59772,2021-05-07,793127,8.26,6857,9642,2785
69,Vincent Moore,"2967 David Ville, Port Debbie, OR 23652",10,3,East Brianmouth,Brittneyville,Leeburgh,73027,2024-11-20,908619,8.84,8409,8104,305
70,Travis Campbell,"934 Benjamin Ferry Apt. 861, Wadeborough, MA 41937",18,17,New Jaime,North Judy,Kaneborough,68111,2022-12-17,151561,4.32,25874,8676,17198
71,Joseph Rich,"15869 Richard Hills Apt. 208, West Janice, AK 35151",9,15,South Luis,North Jessicabury,East Cameron,35149,2022-11-27,305420,4.53,25448,14465,10983
72,Chad Wilson,"0805 Roach Points, Brandymouth, WY 77487",2,3,West Shannon,Anthonyview,South Jesusborough,35443,2025-01-19,335993,1.26,49369,10414,38955
73,Andrea Gonzalez,"555 Lewis Wells, Lake Maria, NE 84584",6,17,Caldwellmouth,East Rebecca,Lake Toddborough,02929,2023-10-13,854956,4.38,3500,2535,965
74,David Rodriguez,"3987 Christine Village Apt. 794, South Annaland, CA 71923",9,17,Colemanview,South Samanthastad,Austinchester,29529,2022-06-09,640087,1.57,29775,12534,17241
75,Kimberly Murphy,"16313 Ortiz Corners Suite 001, West Joe, MT 45517",9,8,South Patriciashire,North Pam,Stephaniefort,41479,2021-01-24,463012,9.91,42636,12436,30200
76,Michael Rojas,"019 Jennifer Stream, Denisefort, NJ 49857",1,3,Brianborough,New Joseph,South Henry,06286,2020-05-26,955102,4.81,34938,14834,20104
77,Lisa Ross,"4904 Mcpherson Loop Apt. 418, Christopherview, MS 07508",3,7,Edwardston,North Shari,Victortown,39038,2024-06-15,729096,6.1,24425,2230,22195
78,Gregory Newman,"26355 Alvarado Stravenue, Davisland, TX 82796",1,4,South Robertstad,Robertfurt,West Jacob,99194,2023-01-08,634305,4.96,20678,4704,15974
79,Anthony Woodard,"8975 Lynn Mount Suite 579, South Randy, MN 65918",14,1,South Jeffrey,Lake Brian,Johnsonside,21402,2024-06-07,865735,9.2,44002,5376,38626
80,Breanna Jacobs,"0672 Lawson Forge Suite 990, Wallerland, ME 66488",10,4,Lake Kristinbury,Port Eric,East Sydney,21497,2021-03-20,578501,7.33,34114,18350,15764
81,James Torres,"Unit 6596 Box 3086, DPO AP 02865",4,16,New Brittanyhaven,Maddenmouth,New Elizabeth,89161,2020-12-25,190099,6.93,44096,15548,28548
82,Michael Hernandez,"77136 Patricia Expressway, Joseton, CA 97759",12,10,East Raymondstad,East Eric,Brownhaven,64088,2024-04-14,104940,6.25,20592,18707,1885
83,Andrea May,"8123 Payne Causeway, Victorshire, PA 27875",7,17,West Michaelchester,Lake Tammyhaven,New Michelle,49869,2024-02-25,664621,7.95,27304,199,27105
84,Paul Bradford,"872 James Shores, Davidview, TN 85422",19,17,Harperberg,Lake Jonathanborough,Theresatown,20035,2020-04-24,415677,5.84,39068,4491,34577
85,Erica Johnson,"167 Joanna Underpass, Lake Christopher, AZ 19465",4,19,Smithhaven,Walterston,East Elizabeth,83637,2021-04-22,193283,8.56,21958,17096,4862
86,Tracy Reeves,"300 Destiny Harbor, Millerton, KY 27264",12,6,Leahburgh,New Courtney,New Gregoryfort,01004,2024-06-18,628128,5.27,43537,17645,25892
87,Joan Benitez,"2717 Stephens Shores, West Christopherborough, RI 65438",6,13,Lake Eric,Bendermouth,East Rachelview,82619,2022-02-21,370688,9.51,33321,14379,18942
88,Christina Gregory,"496 Tina Knolls, Lake Bryan, CO 21606",7,13,West Kimberly,Antonioburgh,North Chelsea,63607,2022-06-24,224753,3.96,37039,12615,24424
89,Laura Meyers,"0891 Allen Glens, West Heather, TN 68788",17,5,West Jasonchester,Linside,East Dannyport,86164,2022-04-16,152363,5.1,38727,8451,30276
90,Dr. Daniel Lopez,"96784 Tammy View, Bartonstad, SC 68121",12,18,Allenton,Port Jessicaville,East Randy,65582,2021-03-08,422811,1.9,1470,15021,13551
91,Samantha White,"7170 Lisa Bridge, Port Christian, IA 35744",6,12,West Ronaldside,North Jenniferland,Lake Anthony,37155,2022-08-04,593616,4.95,45840,16512,29328
92,Kyle Aguilar,"633 Jared Spring Apt. 771, Port Patrickburgh, NJ 86611",5,16,East Arielville,New Timothyborough,Pittmanport,02862,2022-01-12,748981,3.09,48600,16509,32091
93,Sydney Mccormick DDS,"104 Forbes Branch, Lake Jeremystad, NE 71599",19,18,South Mary,Nguyenchester,East Bradley,61398,2024-05-11,569609,9.08,41737,6624,35113
94,Kelsey Holt,"1132 Ball Courts, Youngfort, VT 29890",10,20,New Carolyn,West Tracyburgh,Lake Diana,66984,2024-03-15,416546,5.64,40410,13935,26475
95,Richard Garcia,"6732 Jessica Overpass, Richardton, WA 91396",12,8,Lukemouth,Amandafort,South Shannon,34552,2020-09-24,225920,5.74,5539,10766,5227
96,Francisco Ross,"638 Garcia Summit, New Josephberg, LA 75560",2,4,Alyssaland,Port Christopher,Lesliebury,29347,2020-12-09,661517,6.32,43402,12201,31201
97,Virginia Smith,"696 Kelli Inlet, North Rebeccastad, KY 21682",6,7,North Matthewfurt,Richardhaven,Gibsonstad,02823,2022-12-12,104989,5.56,8440,13769,5329
98,Kenneth Weaver,"USNV Davis, FPO AE 57649",2,7,East Carrie,Tracyside,South Catherineborough,26625,2022-10-30,248113,3.76,5220,17568,12348
99,Joanna Roman,"9814 Whitney Oval Apt. 609, South Raymondville, KY 77168",13,13,Evanport,Jamieberg,Frederickmouth,35793,2020-04-29,348627,9.23,22961,11359,11602
100,Adam Gordon,"849 Tyler Port Apt. 920, West Patrick, MT 03367",16,5,East Stephen,Elliottmouth,Goldenport,57385,2021-05-22,986407,2.2,40642,19865,20777
101,Howard Curtis,"21473 Christine Motorway Apt. 654, Nicholsonside, IA 62974",6,19,Lake Rose,Freemanborough,Port Robin,64753,2025-03-10,925163,6.49,12354,14694,2340
102,Chad Scott,"00220 Rhodes Club Apt. 737, Bookerbury, ME 28151",14,19,Jamesview,Patrickchester,South Amandastad,99798,2021-02-06,572721,1.29,37134,6978,30156
103,Shelly Alexander,"709 Dunn Coves, New Adam, AZ 01283",11,15,Davidburgh,Cunninghamfurt,West Albert,02345,2020-05-25,982415,7.01,5752,16965,11213
104,Ronald Marshall,"701 Morales Divide Apt. 191, Kevinberg, NM 60228",11,11,South Natalieville,Lake Alicia,Nathanland,24616,2021-07-19,891689,7.45,6336,8775,2439
105,Stephen Robinson,"PSC 1502, Box 1376, APO AP 13091",8,4,South Kevin,East Daniel,Ashleyfort,57389,2022-01-02,299300,1.75,33213,7439,25774
106,Lisa Graves,"18504 Anthony Mountain, East Andrew, MA 63959",7,17,Timothyburgh,Port Wayne,Tashaport,05173,2025-03-24,170336,4.47,7616,1158,6458
107,Mrs. Michaela Russell MD,"Unit 8638 Box 2428, DPO AA 65643",2,15,Jerrybury,North Elizabeth,Jonestown,08369,2022-10-26,927912,8.98,34138,1638,32500
108,Mark Lee,"USS Thompson, FPO AA 61005",19,1,Turnerfurt,Port Lisa,Tanyaton,89527,2025-02-16,262075,8.85,47714,19931,27783
109,Joshua Chen,"49952 Summers Crossroad Apt. 278, East Anthony, NV 61293",19,15,Port Johnville,Port Glendatown,Lake Stacey,02725,2024-08-30,941869,5.46,20758,5244,15514
110,Nicholas Stout,"1029 Jones Spring, Owensfurt, IL 59664",11,8,Ortizberg,Thomasmouth,Amberhaven,86218,2021-07-30,840343,3.42,16049,8906,7143
111,Juan Adams,"98976 Julie Circles Apt. 620, New Megan, TX 72518",19,11,Lake Kathryn,Williammouth,Charlesstad,04864,2022-02-01,352624,7.24,21233,7758,13475
112,Phyllis Vasquez,"Unit 0672 Box 7833, DPO AP 20416",9,6,Alisonville,Russoberg,Brianhaven,35877,2021-04-04,840287,1.28,32229,16567,15662
113,Kevin Williams,"98452 Miller Street Suite 555, Lake Robinbury, CT 09845",13,10,East Elizabethport,Adkinsville,Kellyburgh,96822,2022-12-06,760029,4.11,32666,7782,24884
114,Daniel Brown,"51240 Brewer Centers, East Susan, MN 99682",7,8,Lake Jenniferchester,Mirandabury,Lisaport,62511,2022-10-11,747524,4.14,26828,9192,17636
115,Jesse Bailey DDS,"1363 Paul Rue, West Jonathanhaven, IN 85852",3,14,Lake Anthonyburgh,West Sharonmouth,Lake Arthurbury,70210,2023-01-14,164943,9.69,21630,799,20831
116,Stephen Thornton,"783 Daniel Points, North Elizabeth, MD 10662",7,6,Lake Ashley,South Anitastad,South Taylor,01841,2021-09-22,518163,3.6,14228,11407,2821
117,Jonathan Phillips,"14503 Clark Villages Apt. 744, Janicebury, NE 08792",10,4,Brandonstad,Claudiaton,North Jacob,92291,2025-03-29,524260,2.83,42731,15865,26866
118,Donald Bradford,"9283 Robin Rapid Suite 419, Griffithberg, VT 83172",18,20,Port Keith,Port Anthonyside,Lake Timothyhaven,37596,2025-03-02,805220,7.72,14577,10938,3639
119,Kathy Johnson,"373 Mendoza Rapid, Port Angelatown, MT 17915",1,9,Stevenmouth,Charlestown,New Johnborough,03583,2022-11-30,108762,3.83,7067,12311,5244
120,Jessica Baker,"26125 Donald Fork Suite 144, Martinmouth, GA 41969",8,14,North Ronnieport,Christineberg,Robinsonmouth,31935,2021-03-15,697401,3.06,13165,17764,4599
121,Bryan Beck,"6795 Shannon Lights Apt. 327, West Rebecca, PA 21714",17,9,Cooperton,Coxhaven,New James,97400,2021-11-05,398047,4.06,42025,12195,29830
122,Joseph Evans,"161 John Trace Apt. 703, Davisstad, OK 45559",20,5,Watkinsland,Johnsonland,Port Brooke,84270,2020-10-04,305888,6.78,5422,6629,1207
123,Denise Blair,"67290 Flores Locks, South Christopher, AL 92130",17,17,Mannfort,East Erinshire,Chelseafurt,41311,2024-12-17,580461,8.2,47896,17143,30753
124,Natasha Palmer,"88495 Peterson Coves, Nolanbury, HI 35330",3,15,Robinsonburgh,West Garrettstad,Port Jonathan,02900,2023-03-03,681904,9.35,9700,10959,1259
125,Jeremy Solis,"656 Donald Mission, Port Savannah, FL 24153",11,18,Cooperberg,East Perryhaven,New Adamchester,56152,2023-12-26,802206,3.25,8550,11843,3293
126,Victor Cruz,"00410 Huang Junction Apt. 916, Tammytown, ID 10576",15,12,Batesstad,North Davidmouth,Matthewbury,12631,2023-10-02,197829,3.69,29734,1657,28077
127,Virginia Lucero,"599 Castillo Crescent, Lake Taylor, MN 99218",10,9,Port Susantown,Jonesmouth,Michaelton,73123,2021-04-11,658691,4.29,20120,16010,4110
128,Bradley Bailey,"0698 Linda Prairie, South Scottland, NV 78038",9,10,Samuelchester,Parrishfort,Kennethmouth,23743,2022-08-02,816921,5.37,27629,16340,11289
129,Bradley Morgan,"25143 Houston Landing Apt. 384, East Mirandatown, AZ 09018",14,13,Lake Wandafort,Sheriport,East Gregoryport,19742,2020-04-29,131325,6.81,35090,3439,31651
130,Stephanie Clark,"778 Reeves Highway, Port Christopherchester, IN 46931",17,3,East Christineside,Claudiabury,Edwardville,21299,2022-07-20,250614,3.28,43930,9948,33982
131,Jessica Weiss,"6289 Nicole Mission Suite 514, Collinston, NH 78066",19,3,Port Johnberg,Lake Robert,Lake Christopherfurt,31430,2023-10-31,473908,8.32,9048,13074,4026
132,Curtis White Jr.,"47432 Mitchell Burgs Apt. 948, Russellton, ME 59024",5,3,East Rachelchester,Lake Andrew,Thomasmouth,49343,2020-12-30,854092,3.81,17151,18875,1724
133,Lauren Day,"68071 Amy Village Suite 554, West Peter, HI 05608",18,20,Jonesview,Port Marissa,Carrieport,62880,2024-06-26,693808,9.96,40538,1538,39000
134,Leah Campbell,"USNV Tate, FPO AA 14490",4,8,Kochchester,New Crystal,South Jessehaven,24346,2020-05-23,679608,5.78,1098,8748,7650
135,David Kelley,"45863 Campbell Forge Apt. 810, Edwinfort, SC 50662",5,2,Andrewshire,Rodrigueztown,Matthewberg,53102,2024-04-16,712158,4.74,39340,15305,24035
136,Thomas Turner,"431 Garcia Plaza, Port Michael, WI 80742",11,11,Moorechester,New Patricia,Lake Kaylafort,44271,2022-10-17,550815,6.28,13199,5436,7763
137,Eric Hernandez,"85479 Carmen Drives, Lake Michelleshire, IA 44930",10,17,Smithton,East Angelhaven,Patrickville,47860,2021-07-06,240770,6.15,14466,15278,812
138,Tammy Thomas,"3483 Fisher Dale Apt. 522, Melissatown, NY 81994",13,11,East Ericville,Ramirezchester,West Fernandoview,02267,2024-02-16,337407,2.65,8030,13118,5088
139,Steven Woods,"66537 Eric Island Suite 645, Thompsonmouth, NC 59239",11,8,Thomaschester,New Glenn,South Kristentown,28737,2022-03-05,974599,9.24,22471,12978,9493
140,Kristopher Martinez,"521 Sean View, Parkerview, DC 49932",11,12,Stephanietown,Lake Isaiahfurt,Port Matthew,32679,2024-02-21,960871,2.07,9751,4089,5662
141,Natalie Nixon,"9102 Key Brook, Carrstad, LA 81812",13,9,Gonzalezfurt,West Laurastad,Marcusfurt,38025,2022-12-17,465866,4.38,1999,11568,9569
142,Angela Sparks,"248 Lambert Ridges Apt. 143, Lake Jeffreyview, KY 99812",17,20,Lake Stephenton,Shirleyton,Stephensview,81407,2024-12-25,350950,7.47,47499,11129,36370
143,Mrs. Rebecca Stokes,"1299 Richard Shores, Kristinmouth, VA 84945",18,20,Nelsonfort,Stephaniestad,Crossberg,59359,2025-01-23,967364,3.83,10074,8244,1830
144,Danielle Campos,"62016 Lewis Loaf Apt. 373, East Micheleberg, OH 94181",7,12,New William,Hillmouth,Mitchellhaven,71662,2023-08-04,405395,3.23,20593,5914,14679
145,Randy Hill,"63390 Barber Extensions Suite 133, Port Danielleborough, TX 72263",10,19,Fischertown,West Pamela,Mendozaborough,45422,2021-12-10,316508,6.3,23557,15731,7826
146,Jeremiah Ward,"6779 Tammy Crossroad, Charlesport, VT 24163",4,9,New Jennifer,Lake Pamelaborough,Davisview,73143,2024-08-17,365338,6.2,13722,1935,11787
147,Carlos Wright,"9353 Gilbert Ford Suite 627, West Victoria, MD 60279",8,10,South Dustinside,Port Carriebury,Alejandroland,59896,2023-08-10,957425,7.87,35678,15824,19854
148,Christopher Mccann,"4667 Welch Isle, Ramirezshire, RI 93921",1,19,North Luis,Port Geoffreystad,Williamsville,34350,2022-05-22,650055,4.86,35225,3488,31737
149,Troy Kim,"8474 Robert Center, Schwartzshire, RI 09703",3,3,Kennedyview,West Christophertown,Lake Ashleyport,57228,2022-02-22,745178,3.77,10380,2204,8176
150,Mrs. Kayla Brown,"Unit 9300 Box 6360, DPO AE 50272",17,9,New Teresabury,Lake Anna,Anthonytown,99898,2024-06-09,409084,3.05,44670,10499,34171
151,Lonnie Flores,"264 Jose Forest, Port Crystalport, KY 08031",8,6,Andreabury,Port Carla,South Kylebury,97609,2025-02-19,391766,3.68,34576,5141,29435
152,Michael Jones,"23033 Ware Ville Apt. 070, North Brandifurt, NV 32334",4,9,New Johnshire,West Danielstad,East Thomas,70489,2022-07-06,818197,6.88,22136,18800,3336
153,Jessica Chen,"84485 Lewis Fall, Monicashire, VA 69709",19,3,Lake Amy,Carmenview,Wolfeburgh,83282,2020-05-11,132377,2.16,13899,2404,11495
154,Stephen Williams,"98904 Ferguson Burgs Suite 408, Phillipsborough, WV 08037",5,20,East Julieton,Powellmouth,South Tinastad,66219,2023-10-02,464980,7.27,42817,4021,38796
155,Robert Mcneil,"2612 White Station Suite 309, Hamptonchester, FL 98467",11,9,South Curtismouth,Johnchester,Sanchezburgh,31749,2021-03-13,669072,6.69,37255,6397,30858
156,Traci Ortiz,"2139 Erica Walk Apt. 672, West Jeffrey, AK 22530",7,4,Port Williamton,South Jacqueline,Port Elizabethburgh,67571,2022-01-29,656713,2.13,6743,10587,3844
157,Brian Harris,"619 Joshua Fort, Lake Leahfort, NE 39996",15,8,East Jasmine,Brianland,Reginaberg,03129,2023-08-08,591976,5.6,18421,14657,3764
158,Frank Lucas,"84376 Martinez Inlet Suite 740, South Hunterberg, DE 96632",2,20,East Kimberlyside,Oliverland,Port Connie,67627,2023-08-19,321901,7.01,45071,12447,32624
159,Brian Underwood,"303 Walker Knolls, Lake Paulton, CA 35241",10,4,New Brettside,Pierceville,North Sabrinaport,35050,2021-01-31,920730,3.22,31374,7865,23509
160,Rachel Anderson,"500 Kristine Square, Stoutside, WI 30192",12,20,New Jakechester,Wilsonbury,Lake Steven,41031,2020-10-02,490059,3.99,33047,6644,26403
161,Steven Obrien,"1042 Keller Radial Apt. 228, Brianton, TX 22305",3,1,Johnsonfort,New Douglasstad,New Jacquelineborough,97569,2024-03-14,479165,2.73,43395,6738,36657
162,Danielle Hill,"Unit 5998 Box 5374, DPO AE 35084",17,5,Gonzalezburgh,Singhberg,East Andrewside,12100,2024-01-09,694215,8.17,31980,12485,19495
163,Kyle Li,"3222 Crawford Locks, North Kimberly, OK 28643",4,3,Raybury,Lake James,North Jayville,55581,2024-11-29,762797,1.9,8595,803,7792
164,Elizabeth Smith,"39759 Michael Land, North Kristen, NC 04170",17,15,Petermouth,North Brett,North Michael,10969,2020-04-23,151450,1.09,18131,18763,632
165,Reginald Long,"533 Benson Mission, Lawsonhaven, VT 19749",19,4,Daisyland,Nathanielshire,Christinaland,96810,2024-12-22,790864,3.94,27879,12430,15449
166,David Watkins,"8267 Smith Grove, North Janicetown, KS 66060",14,3,West Martinside,Reidville,Joshuatown,55926,2023-03-22,341765,9.64,40512,2877,37635
167,Robert Nelson,"83733 Kelly Heights, West Theresa, FL 19210",12,9,Smithchester,Thompsonville,Susanburgh,81232,2024-01-04,959996,5.69,36843,11602,25241
168,Kelly Lynch,"43224 Flores Fields Suite 876, Lesliechester, MS 22625",11,18,Marthafurt,North Rachelfort,East Gregory,13126,2021-11-07,414105,8.59,41546,5863,35683
169,Dakota Ortiz,"USCGC Richards, FPO AE 77229",9,12,Lauraburgh,Brooksport,Lake Brian,37848,2024-11-22,834173,2.15,20730,11609,9121
170,Laura Roberts,"262 Moody Courts, South Wendyberg, SD 19942",7,13,Davisfurt,New Jessicafurt,Reidport,98319,2023-01-19,139200,9.74,48772,19123,29649
171,Gregory Juarez,"57456 Cheryl Stravenue, South Paul, IN 23203",17,12,Katiehaven,Lake Brian,Bakerside,35207,2023-04-11,989509,2.13,11404,3864,7540
172,James Thompson,"25017 Jennifer Burg Apt. 773, Schmidtside, WY 54053",4,9,Port Ashleyside,Johnbury,Smithmouth,98522,2024-10-29,888445,6.02,12799,3433,9366
173,Matthew Tapia,"573 Jackson Inlet Apt. 235, North Michelle, SC 13140",7,18,Kathleenview,North Julie,East Dorothy,94368,2024-07-24,330468,2.22,10552,19941,9389
174,Anthony Juarez,"408 Johnson Forks, Lake Andrew, ND 66955",3,13,Coxfurt,East Brittany,Murphyburgh,03376,2020-07-16,874247,9.93,1873,11083,9210
175,Thomas Anderson,"4197 Brian Shoal, Gomezchester, NC 09223",14,13,New Alexander,South Adrianland,Port Amytown,83351,2024-09-23,827936,9.89,40323,6249,34074
176,Tricia Willis,"0186 Anderson Club Suite 619, Mcdonaldland, DC 16548",11,6,West Paul,South Ryan,Thompsonstad,20016,2022-07-12,862306,4.55,17498,2651,14847
177,William Parsons,"56979 Sampson Alley, South Elizabethfort, SC 03889",15,5,East Patrickside,Stanleystad,New Meghan,20018,2021-01-03,138705,3.34,26637,18357,8280
178,Cynthia Smith,"668 Theresa Glen, West Yolanda, AK 66329",10,8,South Oliviabury,Lake Emilyside,Bradyland,30299,2022-10-31,189226,9.27,49674,1041,48633
179,Morgan Ford,"50061 Jerry Pike, Emilyville, NJ 83642",9,18,West Kyletown,Port James,Bensonview,12132,2024-11-04,481300,3.3,16456,11918,4538
180,Michael Stewart,"046 Robert Expressway Apt. 233, Lake Emilychester, AZ 90981",17,13,Tracytown,West Priscillamouth,Lisastad,97528,2023-03-28,956081,4.95,9932,5303,4629
181,Elizabeth Rhodes,"12845 Juan Glen Suite 367, Michaelmouth, AK 44264",7,16,Lake Shawn,Cranebury,Joshuaberg,97432,2022-12-19,251708,6.62,12521,10919,1602
182,Heather Gill,"2448 Hill Highway, Gonzalezmouth, LA 82209",5,1,South Sean,North Diana,Timothyview,71009,2024-01-03,437337,8.7,7305,18170,10865
183,Ashley Leblanc,"47581 Johnny Avenue Apt. 594, North Michaelside, NJ 97963",3,5,Lake James,North Stephanietown,North Amyberg,82329,2021-05-29,258461,9.12,32523,14138,18385
184,Shannon Hoffman,"50481 Avery Vista, Lake Laurabury, IA 51247",1,10,Manuelchester,Hamiltonchester,New Angelaside,58111,2025-01-24,414493,8.62,3569,12463,8894
185,Mindy Sanders,"14352 Brandon Heights, East Michael, DC 95321",18,13,Bateshaven,Port Shaun,South Anthonybury,70396,2020-07-27,491089,9.1,16093,5230,10863
186,Jerry Griffin,"3176 Wilson Plaza, Kellyhaven, ND 53586",11,20,Michaelfurt,Ramirezburgh,Lake Christopherburgh,57658,2024-04-10,231922,8.46,20593,4503,16090
187,Christopher Hill,"1959 Jeffrey Throughway Suite 371, Smithview, MO 33792",9,4,East Lisa,Justinview,North Angeltown,64315,2023-08-10,284962,4.91,35166,1959,33207
188,Dan Bennett,"0747 Joseph Extensions Suite 639, East Troyshire, SC 34147",14,16,Lake Elizabeth,Port Sarahtown,South Jacob,07140,2022-06-11,633470,6.21,46032,379,45653
189,Bobby Stokes,"944 Perez Drives Apt. 272, Torresmouth, RI 26462",20,5,Cranechester,Smithport,Tamaratown,05226,2024-08-19,481867,6.6,19611,6612,12999
190,Nicholas Tucker,"29939 Jones Streets, Ryanville, VA 05994",6,16,Barbarahaven,Douglasside,Vaughnchester,97619,2023-03-13,387793,9.64,26530,5835,20695
191,Kathy Arnold,"USCGC Parker, FPO AP 07284",9,3,Karenton,Webstertown,Zacharychester,55508,2021-07-06,381739,5.6,46107,8874,37233
192,Tammy Williams,"01793 Jones Ports Apt. 085, Dicksonfurt, PA 95381",5,3,East Timothyport,Vasquezbury,East Paulashire,58241,2024-07-09,263363,2.01,36307,13142,23165
193,Tanya Moore,"47224 Jordan Field Suite 622, West Wendy, DC 02630",14,2,Lake Deniseshire,East Russellland,Port Austinfurt,06201,2024-03-31,519837,6.09,20648,17918,2730
194,Brittany Parker,"43836 Albert Terrace, Williamstown, NE 79576",16,19,East Marthachester,Garnerport,South David,21007,2022-08-09,175789,3.88,13923,9804,4119
195,Eric Patel,"288 Steven Flats, West Williamton, ID 71088",14,14,Pamelaville,Lake Darleneshire,Dustinberg,77792,2024-04-19,829355,5.21,28134,3216,24918
196,Carol Raymond,"278 Pruitt Roads Apt. 585, Leeshire, KS 98974",20,17,Finleyfurt,Michaelbury,Mooreton,03681,2021-05-18,903264,1.7,21126,12036,9090
197,Cathy Johnson,"077 Patricia Walk, Joelshire, NE 67989",13,11,East John,Jamesview,South Joshuafurt,82954,2022-06-05,273391,8.7,15158,7886,7272
198,Timothy Mora,"38829 Davenport Locks Apt. 688, Joshuamouth, GA 56398",3,3,Jasonside,Mcintyreville,Bryanview,24169,2020-05-17,413126,8.01,29843,13583,16260
199,Marcus Carr,"368 Wells Alley, Thorntonhaven, NV 14750",6,8,New Cherylport,Camposmouth,Port Kristine,77554,2022-01-12,622890,5.98,2425,12751,10326
200,Joshua Brooks DDS,"71987 Tony Streets, Margaretfort, NE 98999",4,8,Thomasshire,New Laura,Lambton,40818,2023-05-19,992669,4.4,47473,12685,34788
201,Timothy Vasquez,"37173 Simmons Plaza, Jenniferton, LA 55392",2,19,Robinsonview,Donport,West Alyssafurt,48138,2024-05-04,655747,5.05,10266,1078,9188
202,Jessica Parker,"012 Williams Ridges Apt. 844, West Brandon, LA 76101",7,10,Jacksonburgh,New Phillipborough,Port Pam,49480,2020-05-17,344423,4.28,37758,11081,26677
203,Tiffany Casey,"7511 Mary Port Suite 780, Port Melissafort, CA 36700",11,19,Bullockberg,Lake Heatherfort,Rollinsville,05298,2024-11-22,432238,7.79,21287,16287,5000
204,Kevin Mccall,"73648 Anita Pass, Port Michaelview, CA 51311",7,3,Theresaton,Port Thomas,Angelmouth,37369,2024-08-30,479810,9.46,10441,5701,4740
205,Bob Barnett,"4481 Brent Street Apt. 100, Katrinaberg, NH 04216",6,2,Port Craig,Port Valeriebury,Lake Jasmine,20014,2023-01-12,687306,8.42,38231,16081,22150
206,Steven Brown,"4147 Patrick Mountain, Juliefort, VA 51317",20,14,West Reginald,Kellyfurt,Adamsbury,58494,2022-03-13,540933,9.55,7869,7499,370
207,Derek Chase,"0663 Brian Mews, East Nicole, OH 18982",1,5,North Molly,Port Dean,New Travis,47599,2024-02-13,125626,5.25,18071,9086,8985
208,Jacqueline Schmitt,"60316 Alexander Ville, Kelleyview, MT 43146",13,18,East Danielburgh,West Shelby,Elijahland,32667,2022-06-09,253909,4.85,8858,2118,6740
209,Matthew Leon,"7677 Johnson Hills, Medinaland, RI 34041",1,8,South Danielbury,Lake Antonioton,South Ronald,58560,2020-05-16,189932,5.85,35820,5284,30536
210,Jamie Hughes,"749 Joel Parkways, Port Stephenview, MO 31485",12,16,Amandamouth,Hansonshire,New Ryan,82250,2022-08-25,197358,7.17,1849,10435,8586
